{
    "Use Non-ASCII Font": false,
    "Tags": [],
    "Ansi 12 Color": {
        "Red Component": 0.5137254901960784,
        "Color Space": "sRGB",
        "Blue Component": 0.5882352941176471,
        "Green Component": 0.5803921568627451
    },
    "Ansi 6 Color": {
        "Red Component": 0.16470588235294117,
        "Color Space": "sRGB",
        "Blue Component": 0.596078431372549,
        "Green Component": 0.6313725490196078
    },
    "Draw Powerline Glyphs": false,
    "Bold Color": {
        "Red Component": 0.5764705882352941,
        "Color Space": "sRGB",
        "Blue Component": 0.6313725490196078,
        "Green Component": 0.6313725490196078
    },
    "Normal Font": "CascadiaMono-Regular 14",
    "Link Color": {
        "Red Component": 0,
        "Color Space": "sRGB",
        "Blue Component": 0.734233021736145,
        "Alpha Component": 1,
        "Green Component": 0.3591606020927429
    },
    "Ansi 0 Color": {
        "Red Component": 0.027450980392156866,
        "Color Space": "sRGB",
        "Blue Component": 0.25882352941176473,
        "Green Component": 0.21176470588235294
    },
    "Rows": 25,
    "Default Bookmark": "No",
    "Guid": "10B89E28-6500-4FAC-A031-795F5D79D571",
    "Cursor Guide Color": {
        "Red Component": 0.7021318674087524,
        "Color Space": "sRGB",
        "Blue Component": 1,
        "Alpha Component": 0.25,
        "Green Component": 0.9268307089805603
    },
    "Non-ASCII Anti Aliased": true,
    "Use Bright Bold": true,
    "Ansi 10 Color": {
        "Red Component": 0.34509803921568627,
        "Color Space": "sRGB",
        "Blue Component": 0.4588235294117647,
        "Green Component": 0.43137254901960786
    },
    "Ambiguous Double Width": false,
    "Jobs to Ignore": [
        "rlogin",
        "ssh",
        "slogin",
        "telnet"
    ],
    "Ansi 15 Color": {
        "Red Component": 0.9921568627450981,
        "Color Space": "sRGB",
        "Blue Component": 0.8901960784313725,
        "Green Component": 0.9647058823529412
    },
    "Foreground Color": {
        "Red Component": 0.5137254901960784,
        "Color Space": "sRGB",
        "Blue Component": 0.5882352941176471,
        "Green Component": 0.5803921568627451
    },
    "Working Directory": "/Users/mgraczyk",
    "Blinking Cursor": false,
    "Disable Window Resizing": true,
    "Sync Title": false,
    "Prompt Before Closing 2": false,
    "BM Growl": true,
    "Command": "",
    "Description": "Default",
    "Mouse Reporting": true,
    "Screen": -1,
    "Selection Color": {
        "Red Component": 0.027450980392156866,
        "Color Space": "sRGB",
        "Blue Component": 0.25882352941176473,
        "Green Component": 0.21176470588235294
    },
    "Columns": 80,
    "Idle Code": 0,
    "Ansi 13 Color": {
        "Red Component": 0.4235294117647059,
        "Color Space": "sRGB",
        "Blue Component": 0.7686274509803922,
        "Green Component": 0.44313725490196076
    },
    "Custom Command": "No",
    "ASCII Anti Aliased": true,
    "Non Ascii Font": "Monaco 12",
    "Vertical Spacing": 1,
    "Use Bold Font": true,
    "Option Key Sends": 0,
    "Selected Text Color": {
        "Red Component": 0.5764705882352941,
        "Color Space": "sRGB",
        "Blue Component": 0.6313725490196078,
        "Green Component": 0.6313725490196078
    },
    "Background Color": {
        "Red Component": 0,
        "Color Space": "sRGB",
        "Blue Component": 0.21176470588235294,
        "Green Component": 0.16862745098039217
    },
    "Character Encoding": 4,
    "Ansi 11 Color": {
        "Red Component": 0.396078431372549,
        "Color Space": "sRGB",
        "Blue Component": 0.5137254901960784,
        "Green Component": 0.4823529411764706
    },
    "Use Italic Font": true,
    "Unlimited Scrollback": false,
    "Keyboard Map": {
        "0xf700-0x260000": {
            "Action": 10,
            "Text": "[1;6A"
        },
        "0x37-0x40000": {
            "Action": 11,
            "Text": "0x1f"
        },
        "0x32-0x40000": {
            "Action": 11,
            "Text": "0x00"
        },
        "0xf709-0x20000": {
            "Action": 10,
            "Text": "[17;2~"
        },
        "0xf70c-0x20000": {
            "Action": 10,
            "Text": "[20;2~"
        },
        "0xf729-0x20000": {
            "Action": 10,
            "Text": "[1;2H"
        },
        "0xf72b-0x40000": {
            "Action": 10,
            "Text": "[1;5F"
        },
        "0xf705-0x20000": {
            "Action": 10,
            "Text": "[1;2Q"
        },
        "0xf703-0x260000": {
            "Action": 10,
            "Text": "[1;6C"
        },
        "0xf700-0x220000": {
            "Action": 10,
            "Text": "[1;2A"
        },
        "0xf701-0x280000": {
            "Action": 11,
            "Text": "0x1b 0x1b 0x5b 0x42"
        },
        "0x38-0x40000": {
            "Action": 11,
            "Text": "0x7f"
        },
        "0x33-0x40000": {
            "Action": 11,
            "Text": "0x1b"
        },
        "0xf703-0x220000": {
            "Action": 10,
            "Text": "[1;2C"
        },
        "0xf701-0x240000": {
            "Action": 10,
            "Text": "[1;5B"
        },
        "0xf70d-0x20000": {
            "Action": 10,
            "Text": "[21;2~"
        },
        "0xf702-0x260000": {
            "Action": 10,
            "Text": "[1;6D"
        },
        "0xf729-0x40000": {
            "Action": 10,
            "Text": "[1;5H"
        },
        "0xf706-0x20000": {
            "Action": 10,
            "Text": "[1;2R"
        },
        "0x34-0x40000": {
            "Action": 11,
            "Text": "0x1c"
        },
        "0xf700-0x280000": {
            "Action": 11,
            "Text": "0x1b 0x1b 0x5b 0x41"
        },
        "0x2d-0x40000": {
            "Action": 11,
            "Text": "0x1f"
        },
        "0xf70e-0x20000": {
            "Action": 10,
            "Text": "[23;2~"
        },
        "0xf702-0x220000": {
            "Action": 10,
            "Text": "[1;2D"
        },
        "0xf703-0x280000": {
            "Action": 11,
            "Text": "0x1b 0x1b 0x5b 0x43"
        },
        "0xf700-0x240000": {
            "Action": 10,
            "Text": "[1;5A"
        },
        "0xf707-0x20000": {
            "Action": 10,
            "Text": "[1;2S"
        },
        "0xf70a-0x20000": {
            "Action": 10,
            "Text": "[18;2~"
        },
        "0x35-0x40000": {
            "Action": 11,
            "Text": "0x1d"
        },
        "0xf70f-0x20000": {
            "Action": 10,
            "Text": "[24;2~"
        },
        "0xf703-0x240000": {
            "Action": 10,
            "Text": "[1;5C"
        },
        "0xf701-0x260000": {
            "Action": 10,
            "Text": "[1;6B"
        },
        "0xf702-0x280000": {
            "Action": 11,
            "Text": "0x1b 0x1b 0x5b 0x44"
        },
        "0xf72b-0x20000": {
            "Action": 10,
            "Text": "[1;2F"
        },
        "0x36-0x40000": {
            "Action": 11,
            "Text": "0x1e"
        },
        "0xf708-0x20000": {
            "Action": 10,
            "Text": "[15;2~"
        },
        "0xf701-0x220000": {
            "Action": 10,
            "Text": "[1;2B"
        },
        "0xf70b-0x20000": {
            "Action": 10,
            "Text": "[19;2~"
        },
        "0xf702-0x240000": {
            "Action": 10,
            "Text": "[1;5D"
        },
        "0xf704-0x20000": {
            "Action": 10,
            "Text": "[1;2P"
        }
    },
    "Window Type": 0,
    "Background Image Location": "",
    "Blur": false,
    "Badge Color": {
        "Red Component": 1,
        "Color Space": "sRGB",
        "Blue Component": 0,
        "Alpha Component": 0.5,
        "Green Component": 0.1491314172744751
    },
    "Scrollback Lines": 1000,
    "Send Code When Idle": false,